id,slug,name,symbol,twitter_username,date_added,platform,website,source_code,technical_doc,chat,reddit,twitter,cmc_rank,circulating_supply,total_supply,max_supply,price,percent_change_60d,category,chain,address,description,gecko_id,tvl,12m_ago,6m_ago,3m_ago,1m_ago,pulse_tvl
1,bitcoin,Bitcoin,BTC,,2013-04-28,,https://bitcoin.org/,https://github.com/bitcoin/,https://bitcoin.org/bitcoin.pdf,,https://reddit.com/r/bitcoin,,1,18760362,18760362,21000000,31767.207385143665,-20.35485797,,,,,,,,,,,
1027,ethereum,Ethereum,ETH,ethereum,2015-08-07,,https://www.ethereum.org/https://en.wikipedia.org/wiki/Ethereum,https://github.com/ethereum,https://github.com/ethereum/wiki/wiki/White-Paper,https://gitter.im/orgs/ethereum/rooms,https://reddit.com/r/ethereum,https://twitter.com/ethereum,2,116750843.5615,116750843.5615,,1900.0924545436924,-27.78813454,,,,,,,,,,,
1727,bancor,Bancor,BNT,Bancor,2017-06-18,ethereum,https://bancor.network/,https://github.com/bancorprotocol/,https://about.bancor.network/static/bancor_protocol_whitepaper_en.pdf,https://telegram.me/bancor,https://reddit.com/r/Bancor,https://twitter.com/Bancor,86,232408848.6621218,232408848.6621218,,2.78029518601067,-45.4540209,Dexes,['Ethereum'],0x1f573d6fb3f13d689ff844b4ce37794d79a7ff1c,"Bancor is an on-chain liquidity protocol that enables automated, decentralized exchange on Ethereum and across blockchains.",bancor,1078529213.9017956,0,172069559.5,1857950405.1173565,1334251503.2005422,1107224145
1839,binance-coin,Binance Coin,BNB,binance,2017-07-25,,https://www.binance.com/,,,https://t.me/binanceexchange,https://reddit.com/r/binance,https://twitter.com/binance,4,168137035.9,168137035.9,168137035,300.28507442236537,-17.11401841,,,,,,,,,,,
2586,synthetix-network-token,Synthetix,SNX,synthetix_io,2018-03-14,ethereum,https://www.synthetix.io/,,https://docs.synthetix.io/,https://discord.gg/AEdUHzt,https://reddit.com/r/synthetix_io,https://twitter.com/synthetix_io,67,114841533.01197928,215258834.2449152,212424133,8.77648440233378,-45.17135488,Dexes,"['Ethereum', 'Optimism']",0xc011a73ee8576fb46f5e1c5751ca3b9fe0af2a6f,Synthetix is a derivatives liquidity protocol providing the backbone for derivatives trading in DeFi.,havven,1396456892.5666535,415600373.2588195,1966934880.059663,2284803105.1407256,1548449243.6554885,1062108978
3748,hxro,Hxro,HXRO,RealHxro,2019-02-15,ethereum,https://hxro.io/,,,https://t.me/Hxro_Consortium,,https://twitter.com/RealHxro,191,226755772.1260891,1000000000,,0.52478612408767,-8.35937762,,,,,,,,,,,
3794,cosmos,Cosmos,ATOM,cosmos,2019-03-14,,https://cosmos.network/,https://github.com/cosmos,https://cosmos.network/resources/whitepaper,https://t.me/cosmosproject,https://reddit.com/r/cosmosnetwork,https://twitter.com/cosmos,38,218347920.662594,276132523.662594,,10.78361591272577,-27.09779015,,,,,,,,,,,
4157,thorchain,THORChain,RUNE,thorchain_org,2019-07-23,binance-coin,https://thorchain.org/,https://github.com/thorchain,https://github.com/thorchain/Resources/tree/master/Whitepapers/THORChain/whitepaper-en.md,https://t.me/thorchain_org,https://reddit.com/r/thorchain,https://twitter.com/thorchain_org,71,234138293.16348216,461668422.2248116,500000000,3.93637168350675,-70.18731981,Dexes,['Binance'],0x3155ba85d5f96b2d030a4966af206230e46849cb,THORChain's bepswap,,23113091.652,0,89108086.60642858,584873844.1641856,159733414.2910214,
4195,ftx-token,FTX Token,FTT,FTX_Official,2019-07-31,binance-coin,https://ftx.com/https://help.ftx.com/hc/en-us/sections/360004460952-FTX-Token-FTT,,https://docs.google.com/document/d/1u5MOkENoWP8PGcjuoKqRkNP5Gl1LLRB9JvAHwffQ7ec/view,https://t.me/FTX_Official,,https://twitter.com/FTX_Official,35,94346957.523749,345219293.590976,339228639,26.03109072384929,-33.3321449,,,,,,,,,,,
5221,handshake,Handshake,HNS,hns,2020-02-22,,https://handshake.org/,https://github.com/handshake-org,https://hsd-dev.org/,https://t.me/handshake_hnshttps://t.me/hns_tech,https://reddit.com/r/handshake,https://twitter.com/hns,333,405901523.047067,405901523.047067,2040000000,0.16377542084387,-57.44207376,,,,,,,,,,,
5426,solana,Solana,SOL,solana,2020-04-10,,https://solana.com,https://github.com/solana-labs,https://solana.com/solana-whitepaper.pdf,https://discord.gg/Rz737rPhttps://t.me/solana,https://reddit.com/r/solana,https://twitter.com/solana,14,272637427.57725775,494519161.74206734,,26.10993011766563,-34.05413529,,,,,,,,,,,
5632,arweave,Arweave,AR,arweaveteam,2020-05-27,,https://www.arweave.org,https://github.com/ArweaveTeam/arweave,https://www.arweave.org/files/arweave-lightpaper.pdf,https://discord.gg/BXk8tq7,https://reddit.com/r/Arweave,https://twitter.com/arweaveteam,118,33394701,63190435,66000000,8.90786019755374,-43.61543749,,,,,,,,,,,
5665,helium,Helium,HNT,helium,2020-06-05,,https://www.helium.com/,https://github.com/helium/,http://whitepaper.helium.com/,http://chat.helium.com/https://t.me/helium_network,https://reddit.com/r/HeliumNetwork,https://twitter.com/helium,70,90938952.55721554,223000000,223000000,10.58587628682528,-16.23398805,,,,,,,,,,,
5692,compound,Compound,COMP,compoundfinance,2020-06-16,ethereum,https://compound.finance/governance/comp,https://github.com/compound-finance/compound-protocol,,https://compound.finance/discord,,https://twitter.com/compoundfinance,44,5361285.36206165,10000000,10000000,374.9415000560701,-25.52691583,Lending,['Ethereum'],0xc00e94cb662c3520282e6f5717214004a7f26888,"Compound is an algorithmic, autonomous interest rate protocol built for developers, to unlock a universe of open financial applications.",compound-governance-token,7348180123.6404705,645146417.4213431,2603243154.290103,10079480600.06935,7281099569.127011,7252111643
5728,balancer,Balancer,BAL,BalancerLabs,2020-06-24,ethereum,https://balancer.finance/http://balancer.exchange/,https://github.com/balancer-labs,https://balancer.finance/whitepaper/,https://discord.gg/ARJWaeF,,https://twitter.com/BalancerLabs,187,6943831,35725000,100000000,18.14291826939426,-51.00837634,Dexes,"['Ethereum', 'Polygon']",0xba100000625a3754423978a60c9317c58a424e3d,"Balancer is a protocol for programmable liquidity.


",balancer,2301091479.987193,208701286.9718761,840674911.3661096,2648993398.3266373,2003763705.2695477,626194115
5864,yearn-finance,yearn.finance,YFI,iearnfinance,2020-07-18,ethereum,https://yearn.finance/,https://github.com/iearn-finance,,https://t.me/iearnfinancehttps://t.me/yearnfinance,,https://twitter.com/iearnfinance,64,36635.43982673,36666,36666,28002.057689420868,-43.74006844,Yield,['Ethereum'],0x0bc529c00C6401aEF6D220BE8C6Ea1667F6Ad93e,"Yearn.finance is an aggregator service for decentralized finance (DeFi) investors, using automation to allow them to maximize profits from yield farming.",yearn-finance,3572710674.66863,7446249.387286049,595981769.8138102,2628939682.196662,4817983069.940988,3185041777
6187,serum,Serum,SRM,projectserum,2020-08-04,,https://projectserum.com/,https://docs.google.com/document/d/1v7NPdmotyetkytr1sVI6cQ1EV4D1ZILs9F6IDO5BkB0/edit,https://projectserum.com/serum_white_paper.pdf,https://t.me/ProjectSerumhttps://discord.gg/zxPsXcB,,https://twitter.com/projectserum,175,50000000,161000001,10000000000,2.83808313023004,-50.93628669,Dexes,['Solana'],,Serum is a decentralized exchange (DEX) and ecosystem that brings unprecedented speed and low transaction costs to decentralized finance.,serum,182545714.91552833,0,0,347138546.15834665,186820111.90306783,
6636,polkadot-new,Polkadot,DOT,Polkadot,2020-08-19,,https://polkadot.network/,https://github.com/w3f,,https://t.me/PolkadotOfficial,https://reddit.com/r/dot,https://twitter.com/Polkadot,9,976293000.5382265,1092017156.9634144,,12.44614185063341,-54.30935557,,,,,,,,,,,
6758,sushiswap,SushiSwap,SUSHI,sushiswap,2020-08-28,ethereum,https://sushi.com/,https://github.com/sushiswap/sushiswap,,https://discord.com/invite/MsVBwEc,https://reddit.com/r/SushiSwap,https://twitter.com/sushiswap,73,127244443,228487075.21487188,250000000,6.86563723874264,-54.1567709,Dexes,"['Ethereum', 'Polygon', 'Fantom', 'Binance', 'xDai', 'Heco']",0x6b3595068778dd592e39a122f4f5a5cf09c90fe2,"A fully decentralized protocol for automated liquidity provision on Ethereum.
",sushi,3112466265.773736,0,1775529163.6348503,4311120347.408824,4431579771.48015,2709867664
7186,pancakeswap,PancakeSwap,CAKE,pancakeswap,2020-09-25,binance-coin,https://pancakeswap.finance/,https://github.com/pancakeswap,,https://t.me/PancakeSwap,,https://twitter.com/pancakeswap,33,198038379.5859451,198038379.5859451,,12.80748549973016,-30.93951133,Dexes,['Binance'],bsc:0x0E09FaBB73Bd3Ade0a17ECC321fD13a19e81cE82,The #1 AMM and yield farm on Binance Smart Chain,pancakeswap-token,3763455462.660855,0,0,0,4040880410.615214,
7278,aave,Aave,AAVE,AaveAave,2020-10-02,ethereum,https://aave.com/https://ethlend.io,https://github.com/aave,https://github.com/aave/aave-protocol/blob/master/docs/Aave_Protocol_Whitepaper_v1_0.pdf,https://aave.com/discordhttps://t.me/Aavesome,https://reddit.com/r/Aave_Official,https://twitter.com/AaveAave,28,12841669.82680594,16000000,16000000,249.4072282853328,-43.02049009,Lending,"['Ethereum', 'Polygon']",0x7fc66500c84a76ad7e9c93437bfc5ac33e2ddae9,Aave is an Open Source and Non-Custodial protocol to earn interest on deposits and borrow assets,aave,9766411594.093983,0,2064144135.762857,4963058858.54738,11524532024.24983,10917254637
7455,audius,Audius,AUDIO,AudiusProject,2020-10-20,ethereum,https://audius.co/,,,https://discord.gg/yNUg2e2,,https://twitter.com/AudiusProject,252,120000000,1000000000,,0.99488864533943,-27.06509386,,,,,,,,,,,
7678,keeperdao,KeeperDAO,ROOK,Keeper_DAO,2020-11-15,ethereum,https://app.keeperdao.com/,,,,,https://twitter.com/Keeper_DAO,341,580079.55465022,1189000,1070000,109.56901312334031,-58.59282678,Yield,['Ethereum'],0xfA5047c9c78B8877af97BDcb85Db743fD7313d4a,KeeperDAO is an on-chain liquidity underwriter for DeFi.,rook,226067444.5148572,0,159529764.19928575,422610703.0856929,263185110.4783952,11635648
7978,bonfida,Bonfida,FIDA,bonfida,2020-12-14,,https://bonfida.comhttps://solible.com,https://github.com/dr497,https://bonfida.com/static/media/bonfida-white-paper.360be8c4.pdf,https://t.me/bonfidatghttps://discord.gg/B4xzATxQHC,,https://twitter.com/bonfida,342,45096736,999096736,1000000000,1.40087122737461,-40.96219197,,,,,,,,,,,
9015,cope,Cope,COPE,,2021-03-31,solana,https://www.unlimitedcope.com/,,,https://discord.com/invite/83X4Z498,,,3083,0,1000000000,1000000000,0.861,-84.11658903,,,,,,,,,,,
9443,step-finance,Step Finance,STEP,stepfinance_,2021-04-26,solana,https://step.finance/,https://github.com/step-finance,,https://discord.gg/k5gMJUAEJe,,https://twitter.com/stepfinance_,1656,4000000,4000000,,0.18559605967134,-86.09466115,,,,,,,,,,,
9549,mercurial-finance,Mercurial Finance,MER,MercurialFi,2021-05-04,,https://www.mercurial.finance/,,https://www.mercurial.finance/Mercurial-Lite-Paper-v1.pdf,https://t.me/MercurialFihttps://discord.com/invite/xQcM46pJ,,https://twitter.com/MercurialFi,3655,0,1000000000,1000000000,0.4676,0,Dexes,['Solana'],MERt85fc5boKw3BW1eYdxonEuJNvXbiMbs6hvheau5K,Mercurial is building the infrastructure for stable and pegged assets for Solana.,mercurial,20521235.224638,0,0,0,0,
10508,instadapp,Instadapp,INST,instadapp,2021-06-19,ethereum,https://instadapp.io/https://defi.instadapp.io/,,,https://discord.com/invite/C76CeZc,,https://twitter.com/instadapp,2798,0,100000000,,5.70715050096588,0,Services,['Ethereum'],0x6f40d4a6237c257fff2db00fa0510deeecd303eb,Aims to drive interoperability between protocols for power users and ease of development allowing developers of all stripes to start leveraging the full potential of Decentralised Finance.,instadapp,8842848965,0,183833216.42857143,2538256655.857143,4963895978.357142,8874115693
